ID,Date,Time,Temp,,,
1,2026-05-06,12:23,26.7,,,
2,2026-05-06,12:53,23.3,,,
3,2026-05-06,13:23,23.3,,,
4,2026-05-06,13:53,23.1,,,
5,2026-05-06,14:23,22.9,,,
6,2026-05-06,14:53,22.2,,,
7,2026-05-06,15:23,21.3,,,
8,2026-05-06,15:53,20.7,,,
9,2026-05-06,16:23,20.2,,,
10,2026-05-06,16:53,19.7,,,
11,2026-05-06,17:23,19.1,,,
12,2026-05-06,17:53,18.7,,,
13,2026-05-06,18:23,18.3,,,
14,2026-05-06,18:53,17.9,,,
15,2026-05-06,19:23,17.4,,,
16,2026-05-06,19:53,16.9,,,
17,2026-05-06,20:23,16.4,,,
18,2026-05-06,20:53,16,,,
19,2026-05-06,21:23,15.6,,,
20,2026-05-06,21:53,15.2,,,
21,2026-05-06,22:23,14.9,,,
22,2026-05-06,22:53,14.6,,,
23,2026-05-06,23:23,14.3,,,
24,2026-05-06,23:53,14,,,
25,2026-05-07,0:23,13.7,,,
26,2026-05-07,0:53,13.5,,,
27,2026-05-07,1:23,13.3,,,
28,2026-05-07,1:53,13,,,
29,2026-05-07,2:23,12.7,,,
30,2026-05-07,2:53,12.5,,,
31,2026-05-07,3:23,12.2,,,
32,2026-05-07,3:53,12,,,
33,2026-05-07,4:23,11.8,,,
34,2026-05-07,4:53,11.6,,,
35,2026-05-07,5:23,11.4,,,
36,2026-05-07,5:53,11.1,,,
37,2026-05-07,6:23,11.1,,,
38,2026-05-07,6:53,11.3,,,
39,2026-05-07,7:23,11.8,,,
40,2026-05-07,7:53,11.9,,,
41,2026-05-07,8:23,12.5,,,
42,2026-05-07,8:53,13.6,,,
43,2026-05-07,9:23,14.5,,,
44,2026-05-07,9:53,15.9,,,
45,2026-05-07,10:23,15.6,,,
46,2026-05-07,10:53,18.1,,,
47,2026-05-07,11:23,20.2,,,
48,2026-05-07,11:53,21.4,,,
49,2026-05-07,12:23,22.5,,,
50,2026-05-07,12:53,23.2,,,
51,2026-05-07,13:23,23.4,,,
52,2026-05-07,13:53,23.4,,,
53,2026-05-07,14:23,23.3,,,
54,2026-05-07,14:53,23.2,,,
55,2026-05-07,15:23,22.7,,,
56,2026-05-07,15:53,21.9,,,
57,2026-05-07,16:23,21.1,,,
58,2026-05-07,16:53,20.1,,,
59,2026-05-07,17:23,19.3,,,
60,2026-05-07,17:53,18.7,,,
61,2026-05-07,18:23,18.1,,,
62,2026-05-07,18:53,17.6,,,
63,2026-05-07,19:23,17.2,,,
64,2026-05-07,19:53,16.8,,,
65,2026-05-07,20:23,16.3,,,
66,2026-05-07,20:53,15.8,,,
67,2026-05-07,21:23,15.4,,,
68,2026-05-07,21:53,15,,,
69,2026-05-07,22:23,14.7,,,
70,2026-05-07,22:53,14.5,,,
71,2026-05-07,23:23,14.3,,,
72,2026-05-07,23:53,14,,,
73,2026-05-08,0:23,13.9,,,
74,2026-05-08,0:53,13.7,,,
75,2026-05-08,1:23,13.6,,,
76,2026-05-08,1:53,13.1,,,
77,2026-05-08,2:23,12.7,,,
78,2026-05-08,2:53,12.4,,,
79,2026-05-08,3:23,12.1,,,
80,2026-05-08,3:53,12,,,
81,2026-05-08,4:23,11.7,,,
82,2026-05-08,4:53,11.6,,,
83,2026-05-08,5:23,11.6,,,
84,2026-05-08,5:53,11.5,,,
85,2026-05-08,6:23,11.7,,,
86,2026-05-08,6:53,11.9,,,
87,2026-05-08,7:23,12.1,,,
88,2026-05-08,7:53,12.4,,,
89,2026-05-08,8:23,12.8,,,
90,2026-05-08,8:53,13.3,,,
91,2026-05-08,9:23,13.7,,,
92,2026-05-08,9:53,14.4,,,
93,2026-05-08,10:23,14.7,,,
94,2026-05-08,10:53,14.8,,,
95,2026-05-08,11:23,15.1,,,
96,2026-05-08,11:53,15.5,,,
97,2026-05-08,12:23,15.6,,,
98,2026-05-08,12:53,16,,,
99,2026-05-08,13:23,16.7,,,
100,2026-05-08,13:53,16.9,,,
101,2026-05-08,14:23,16.8,,,
102,2026-05-08,14:53,17.3,,,
103,2026-05-08,15:23,17.4,,,
104,2026-05-08,15:53,17.1,,,
105,2026-05-08,16:23,16.9,,,
106,2026-05-08,16:53,16.6,,,
107,2026-05-08,17:23,16.2,,,
108,2026-05-08,17:53,15.7,,,
109,2026-05-08,18:23,15.6,,,
110,2026-05-08,18:53,15.1,,,
111,2026-05-08,19:23,14.8,,,
112,2026-05-08,19:53,14.5,,,
113,2026-05-08,20:23,14,,,
114,2026-05-08,20:53,13.4,,,
115,2026-05-08,21:23,13.1,,,
116,2026-05-08,21:53,12.8,,,
117,2026-05-08,22:23,12.6,,,
118,2026-05-08,22:53,12.3,,,
119,2026-05-08,23:23,12.1,,,
120,2026-05-08,23:53,11.9,,,
121,2026-05-09,0:23,11.6,,,
122,2026-05-09,0:53,11.4,,,
123,2026-05-09,1:23,11.2,,,
124,2026-05-09,1:53,11,,,
125,2026-05-09,2:23,11,,,
126,2026-05-09,2:53,10.9,,,
127,2026-05-09,3:23,10.6,,,
128,2026-05-09,3:53,10.4,,,
129,2026-05-09,4:23,10.2,,,
130,2026-05-09,4:53,10,,,
131,2026-05-09,5:23,9.9,,,
132,2026-05-09,5:53,9.6,,,
133,2026-05-09,6:23,9.6,,,
134,2026-05-09,6:53,9.8,,,
135,2026-05-09,7:23,10.3,,,
136,2026-05-09,7:53,10.6,,,
137,2026-05-09,8:23,11,,,
138,2026-05-09,8:53,11.9,,,
139,2026-05-09,9:23,13.2,,,
140,2026-05-09,9:53,14.6,,,
141,2026-05-09,10:23,14.4,,,
142,2026-05-09,10:53,16.7,,,
143,2026-05-09,11:23,19,,,
144,2026-05-09,11:53,20.6,,,
145,2026-05-09,12:23,21.7,,,
146,2026-05-09,12:53,22.2,,,
147,2026-05-09,13:23,22.5,,,
148,2026-05-09,13:53,22.6,,,
149,2026-05-09,14:23,22.6,,,
150,2026-05-09,14:53,22.4,,,
151,2026-05-09,15:23,21.8,,,
152,2026-05-09,15:53,21.1,,,
153,2026-05-09,16:23,20.3,,,
154,2026-05-09,16:53,19.5,,,
155,2026-05-09,17:23,18.8,,,
156,2026-05-09,17:53,18.1,,,
157,2026-05-09,18:23,17.6,,,
158,2026-05-09,18:53,17.1,,,
159,2026-05-09,19:23,16.6,,,
160,2026-05-09,19:53,16.2,,,
161,2026-05-09,20:23,15.6,,,
162,2026-05-09,20:53,15,,,
163,2026-05-09,21:23,14.3,,,
164,2026-05-09,21:53,13.9,,,
165,2026-05-09,22:23,13.5,,,
166,2026-05-09,22:53,13.1,,,
167,2026-05-09,23:23,12.8,,,
168,2026-05-09,23:53,12.5,,,
169,2026-05-10,0:23,12.2,,,
170,2026-05-10,0:53,12,,,
171,2026-05-10,1:23,11.7,,,
172,2026-05-10,1:53,11.5,,,
173,2026-05-10,2:23,11.4,,,
174,2026-05-10,2:53,11.4,,,
175,2026-05-10,3:23,11.3,,,
176,2026-05-10,3:53,11.2,,,
177,2026-05-10,4:23,11,,,
178,2026-05-10,4:53,10.8,,,
179,2026-05-10,5:23,10.6,,,
180,2026-05-10,5:53,10.5,,,
181,2026-05-10,6:23,10.6,,,
182,2026-05-10,6:53,11,,,
183,2026-05-10,7:23,11.5,,,
184,2026-05-10,7:53,12,,,
185,2026-05-10,8:23,12.6,,,
186,2026-05-10,8:53,13,,,
187,2026-05-10,9:23,13.6,,,
188,2026-05-10,9:53,14.8,,,
189,2026-05-10,10:23,15.5,,,
190,2026-05-10,10:53,15.4,,,
191,2026-05-10,11:23,15,,,
192,2026-05-10,11:53,15.3,,,
193,2026-05-10,12:23,16,,,
194,2026-05-10,12:53,17,,,
195,2026-05-10,13:23,17.3,,,
196,2026-05-10,13:53,17.2,,,
197,2026-05-10,14:23,18.4,,,
198,2026-05-10,14:53,18.7,,,
199,2026-05-10,15:23,18.5,,,
200,2026-05-10,15:53,17.7,,,
201,2026-05-10,16:23,17.5,,,
202,2026-05-10,16:53,17.6,,,
203,2026-05-10,17:23,17.3,,,
204,2026-05-10,17:53,17.1,,,
205,2026-05-10,18:23,16.7,,,
206,2026-05-10,18:53,16.2,,,
207,2026-05-10,19:23,15.7,,,
208,2026-05-10,19:53,15.2,,,
209,2026-05-10,20:23,14.8,,,
210,2026-05-10,20:53,14.3,,,
211,2026-05-10,21:23,13.8,,,
212,2026-05-10,21:53,13.6,,,
213,2026-05-10,22:23,13.3,,,
214,2026-05-10,22:53,13.1,,,
215,2026-05-10,23:23,12.9,,,
216,2026-05-10,23:53,12.6,,,
217,2026-05-11,0:23,12.5,,,
218,2026-05-11,0:53,12.2,,,
219,2026-05-11,1:23,11.9,,,
220,2026-05-11,1:53,11.5,,,
221,2026-05-11,2:23,11.3,,,
222,2026-05-11,2:53,11,,,
223,2026-05-11,3:23,10.7,,,
224,2026-05-11,3:53,10.5,,,
225,2026-05-11,4:23,10.3,,,
226,2026-05-11,4:53,10,,,
227,2026-05-11,5:23,9.7,,,
228,2026-05-11,5:53,9.7,,,
229,2026-05-11,6:23,9.9,,,
230,2026-05-11,6:53,10.3,,,
231,2026-05-11,7:23,11,,,
232,2026-05-11,7:53,11.7,,,
233,2026-05-11,8:23,12.1,,,
234,2026-05-11,8:53,12.7,,,
235,2026-05-11,9:23,14,,,
236,2026-05-11,9:53,15,,,
237,2026-05-11,10:23,15.7,,,
238,2026-05-11,10:53,17.9,,,
239,2026-05-11,11:23,20.3,,,
240,2026-05-11,11:53,22,,,
241,2026-05-11,12:23,22.8,,,
242,2026-05-11,12:53,23.3,,,
243,2026-05-11,13:23,23.7,,,
244,2026-05-11,13:53,24,,,
245,2026-05-11,14:23,23.9,,,
246,2026-05-11,14:53,23.4,,,
247,2026-05-11,15:23,23,,,
248,2026-05-11,15:53,22.3,,,
249,2026-05-11,16:23,21.3,,,
250,2026-05-11,16:53,20.2,,,
251,2026-05-11,17:23,19.2,,,
252,2026-05-11,17:53,18.5,,,
253,2026-05-11,18:23,17.9,,,
254,2026-05-11,18:53,17.4,,,
255,2026-05-11,19:23,16.9,,,
256,2026-05-11,19:53,16.3,,,
257,2026-05-11,20:23,15.6,,,
258,2026-05-11,20:53,15,,,
259,2026-05-11,21:23,14.4,,,
260,2026-05-11,21:53,13.9,,,
261,2026-05-11,22:23,13.5,,,
262,2026-05-11,22:53,13.2,,,
263,2026-05-11,23:23,12.9,,,
264,2026-05-11,23:53,12.6,,,
265,2026-05-12,0:23,12.4,,,
266,2026-05-12,0:53,12.1,,,
267,2026-05-12,1:23,11.9,,,
268,2026-05-12,1:53,11.8,,,
269,2026-05-12,2:23,11.5,,,
270,2026-05-12,2:53,11.4,,,
271,2026-05-12,3:23,11.1,,,
272,2026-05-12,3:53,10.9,,,
273,2026-05-12,4:23,10.7,,,
274,2026-05-12,4:53,10.5,,,
275,2026-05-12,5:23,10.3,,,
276,2026-05-12,5:53,10.3,,,
277,2026-05-12,6:23,10.6,,,
278,2026-05-12,6:53,11.1,,,
279,2026-05-12,7:23,11.9,,,
280,2026-05-12,7:53,12.5,,,
281,2026-05-12,8:23,12.9,,,
282,2026-05-12,8:53,13.4,,,
283,2026-05-12,9:23,14.9,,,
284,2026-05-12,9:53,15.8,,,
285,2026-05-12,10:23,16.5,,,
286,2026-05-12,10:53,18.1,,,
287,2026-05-12,11:23,20.7,,,
288,2026-05-12,11:53,22.2,,,
289,2026-05-12,12:23,23.1,,,
290,2026-05-12,12:53,23.4,,,
291,2026-05-12,13:23,23.8,,,
292,2026-05-12,13:53,24.1,,,
293,2026-05-12,14:23,24,,,
294,2026-05-12,14:53,23.8,,,
295,2026-05-12,15:23,23.3,,,
296,2026-05-12,15:53,22.7,,,
297,2026-05-12,16:23,21.8,,,
298,2026-05-12,16:53,20.7,,,
299,2026-05-12,17:23,20,,,
300,2026-05-12,17:53,19.5,,,
301,2026-05-12,18:23,19,,,
302,2026-05-12,18:53,18.8,,,
303,2026-05-12,19:23,18.4,,,
304,2026-05-12,19:53,18,,,
305,2026-05-12,20:23,17.5,,,
306,2026-05-12,20:53,17,,,
307,2026-05-12,21:23,16.6,,,
308,2026-05-12,21:53,16.3,,,
309,2026-05-12,22:23,16,,,
310,2026-05-12,22:53,15.8,,,
311,2026-05-12,23:23,15.8,,,
312,2026-05-12,23:53,15.5,,,
313,2026-05-13,0:23,15.4,,,
314,2026-05-13,0:53,15.1,,,
315,2026-05-13,1:23,15,,,
316,2026-05-13,1:53,14.8,,,
317,2026-05-13,2:23,14.7,,,
318,2026-05-13,2:53,14.4,,,
319,2026-05-13,3:23,14.2,,,
320,2026-05-13,3:53,14,,,
321,2026-05-13,4:23,13.8,,,
322,2026-05-13,4:53,13.8,,,
323,2026-05-13,5:23,13.8,,,
324,2026-05-13,5:53,13.7,,,
325,2026-05-13,6:23,13.7,,,
326,2026-05-13,6:53,13.7,,,
327,2026-05-13,7:23,13.7,,,
328,2026-05-13,7:53,13.9,,,
329,2026-05-13,8:23,14.3,,,
330,2026-05-13,8:53,14.7,,,
331,2026-05-13,9:23,15.6,,,
332,2026-05-13,9:53,15.7,,,
333,2026-05-13,10:23,15.7,,,
334,2026-05-13,10:53,15.6,,,
335,2026-05-13,11:23,15.2,,,
336,2026-05-13,11:53,15,,,
337,2026-05-13,12:23,14.6,,,
338,2026-05-13,12:53,14.7,,,
339,2026-05-13,13:23,14.9,,,
340,2026-05-13,13:53,14.6,,,
341,2026-05-13,14:23,14.1,,,
342,2026-05-13,14:53,14.2,,,
343,2026-05-13,15:23,15.2,,,
344,2026-05-13,15:53,15.2,,,
345,2026-05-13,16:23,14.4,,,
346,2026-05-13,16:53,13.8,,,
347,2026-05-13,17:23,13.3,,,
348,2026-05-13,17:53,13.1,,,
349,2026-05-13,18:23,12.7,,,
350,2026-05-13,18:53,12.2,,,
351,2026-05-13,19:23,11.9,,,
352,2026-05-13,19:53,11.8,,,
353,2026-05-13,20:23,11.8,,,
354,2026-05-13,20:53,11.6,,,
355,2026-05-13,21:23,11.4,,,
356,2026-05-13,21:53,11.2,,,
357,2026-05-13,22:23,11,,,
358,2026-05-13,22:53,10.8,,,
359,2026-05-13,23:23,10.6,,,
360,2026-05-13,23:53,10.4,,,
361,2026-05-14,0:23,10.2,,,
362,2026-05-14,0:53,10,,,
363,2026-05-14,1:23,9.8,,,
364,2026-05-14,1:53,9.6,,,
365,2026-05-14,2:23,9.5,,,
366,2026-05-14,2:53,9.4,,,
367,2026-05-14,3:23,9.3,,,
368,2026-05-14,3:53,9.2,,,
369,2026-05-14,4:23,9.1,,,
370,2026-05-14,4:53,9,,,
371,2026-05-14,5:23,8.9,,,
372,2026-05-14,5:53,8.9,,,
373,2026-05-14,6:23,9,,,
374,2026-05-14,6:53,9.2,,,
375,2026-05-14,7:23,9.8,,,
376,2026-05-14,7:53,10.1,,,
377,2026-05-14,8:23,10.2,,,
378,2026-05-14,8:53,10.7,,,
379,2026-05-14,9:23,11.9,,,
380,2026-05-14,9:53,13.1,,,
381,2026-05-14,10:23,15.3,,,
382,2026-05-14,10:53,17.3,,,
383,2026-05-14,11:23,18,,,
384,2026-05-14,11:53,17.4,,,
385,2026-05-14,12:23,18.5,,,
386,2026-05-14,12:53,18.5,,,
387,2026-05-14,13:23,17.8,,,
388,2026-05-14,13:53,18.1,,,
389,2026-05-14,14:23,17.5,,,
390,2026-05-14,14:53,17,,,
391,2026-05-14,15:23,17.2,,,
392,2026-05-14,15:53,17.4,,,
393,2026-05-14,16:23,16.5,,,
394,2026-05-14,16:53,15.8,,,
395,2026-05-14,17:23,15.4,,,
396,2026-05-14,17:53,15,,,
397,2026-05-14,18:23,14.4,,,
398,2026-05-14,18:53,14,,,
399,2026-05-14,19:23,13.6,,,
400,2026-05-14,19:53,13.1,,,
401,2026-05-14,20:23,12.6,,,
402,2026-05-14,20:53,12.3,,,
403,2026-05-14,21:23,12,,,
404,2026-05-14,21:53,11.7,,,
405,2026-05-14,22:23,11.3,,,
406,2026-05-14,22:53,10.9,,,
407,2026-05-14,23:23,10.6,,,
408,2026-05-14,23:53,10.5,,,
409,2026-05-15,0:23,10.2,,,
410,2026-05-15,0:53,10,,,
411,2026-05-15,1:23,9.7,,,
412,2026-05-15,1:53,9.5,,,
413,2026-05-15,2:23,9.2,,,
414,2026-05-15,2:53,9,,,
415,2026-05-15,3:23,8.8,,,
416,2026-05-15,3:53,8.6,,,
417,2026-05-15,4:23,8.4,,,
418,2026-05-15,4:53,8.2,,,
419,2026-05-15,5:23,8.1,,,
420,2026-05-15,5:53,8.1,,,
421,2026-05-15,6:23,8.3,,,
422,2026-05-15,6:53,8.7,,,
423,2026-05-15,7:23,9,,,
424,2026-05-15,7:53,9.2,,,
425,2026-05-15,8:23,9.6,,,
426,2026-05-15,8:53,10.1,,,
427,2026-05-15,9:23,11,,,
428,2026-05-15,9:53,11.5,,,
429,2026-05-15,10:23,12.1,,,
430,2026-05-15,10:53,12.7,,,
431,2026-05-15,11:23,13.7,,,
432,2026-05-15,11:53,14,,,
433,2026-05-15,12:23,14,,,
434,2026-05-15,12:53,13.9,,,
435,2026-05-15,13:23,13.6,,,
436,2026-05-15,13:53,13.2,,,
437,2026-05-15,14:23,13.2,,,
438,2026-05-15,14:53,13,,,
439,2026-05-15,15:23,12.7,,,
440,2026-05-15,15:53,12.4,,,
441,2026-05-15,16:23,12.2,,,
442,2026-05-15,16:53,12.2,,,
443,2026-05-15,17:23,12.1,,,
444,2026-05-15,17:53,11.9,,,
445,2026-05-15,18:23,11.8,,,
446,2026-05-15,18:53,11.5,,,
447,2026-05-15,19:23,11.3,,,
448,2026-05-15,19:53,11,,,
449,2026-05-15,20:23,10.6,,,
450,2026-05-15,20:53,10.4,,,
451,2026-05-15,21:23,10.1,,,
452,2026-05-15,21:53,9.7,,,
453,2026-05-15,22:23,9.5,,,
454,2026-05-15,22:53,9.2,,,
455,2026-05-15,23:23,9,,,
456,2026-05-15,23:53,8.8,,,
457,2026-05-16,0:23,8.5,,,
458,2026-05-16,0:53,8.3,,,
459,2026-05-16,1:23,8,,,
460,2026-05-16,1:53,7.9,,,
461,2026-05-16,2:23,7.9,,,
462,2026-05-16,2:53,7.8,,,
463,2026-05-16,3:23,7.7,,,
464,2026-05-16,3:53,7.5,,,
465,2026-05-16,4:23,7.4,,,
466,2026-05-16,4:53,7.3,,,
467,2026-05-16,5:23,7.2,,,
468,2026-05-16,5:53,7.2,,,
469,2026-05-16,6:23,7.1,,,
470,2026-05-16,6:53,7.4,,,
471,2026-05-16,7:23,7.9,,,
472,2026-05-16,7:53,8.3,,,
473,2026-05-16,8:23,8.7,,,
474,2026-05-16,8:53,9.3,,,
475,2026-05-16,9:23,9.9,,,
476,2026-05-16,9:53,10.2,,,
477,2026-05-16,10:23,10,,,
478,2026-05-16,10:53,9.4,,,
479,2026-05-16,11:23,9.6,,,
480,2026-05-16,11:53,10.4,,,
481,2026-05-16,12:23,10.9,,,
482,2026-05-16,12:53,12.4,,,
483,2026-05-16,13:23,15.2,,,
484,2026-05-16,13:53,14.9,,,
485,2026-05-16,14:23,14.9,,,
486,2026-05-16,14:53,14.1,,,
487,2026-05-16,15:23,13.4,,,
488,2026-05-16,15:53,12.8,,,
489,2026-05-16,16:23,12.6,,,
490,2026-05-16,16:53,12.4,,,
491,2026-05-16,17:23,12.1,,,
492,2026-05-16,17:53,11.8,,,
493,2026-05-16,18:23,11.3,,,
494,2026-05-16,18:53,10.1,,,
495,2026-05-16,19:23,10,,,
496,2026-05-16,19:53,9.8,,,
497,2026-05-16,20:23,9.4,,,
498,2026-05-16,20:53,9.1,,,
499,2026-05-16,21:23,8.7,,,
500,2026-05-16,21:53,8.4,,,
501,2026-05-16,22:23,8.2,,,
502,2026-05-16,22:53,8,,,
503,2026-05-16,23:23,8,,,
504,2026-05-16,23:53,7.9,,,
505,2026-05-17,0:23,7.7,,,
506,2026-05-17,0:53,7.5,,,
507,2026-05-17,1:23,7.2,,,
508,2026-05-17,1:53,7,,,
509,2026-05-17,2:23,6.7,,,
510,2026-05-17,2:53,6.5,,,
511,2026-05-17,3:23,6.4,,,
512,2026-05-17,3:53,6.2,,,
513,2026-05-17,4:23,6.1,,,
514,2026-05-17,4:53,6.1,,,
515,2026-05-17,5:23,6.1,,,
516,2026-05-17,5:53,6.1,,,
517,2026-05-17,6:23,6.2,,,
518,2026-05-17,6:53,6.3,,,
519,2026-05-17,7:23,6.6,,,
520,2026-05-17,7:53,7,,,
521,2026-05-17,8:23,7.5,,,
522,2026-05-17,8:53,8.1,,,
523,2026-05-17,9:23,9.5,,,
524,2026-05-17,9:53,10.5,,,
525,2026-05-17,10:23,12.6,,,
526,2026-05-17,10:53,15.6,,,
527,2026-05-17,11:23,17.6,,,
528,2026-05-17,11:53,18.8,,,
529,2026-05-17,12:23,19.6,,,
530,2026-05-17,12:53,20.2,,,
531,2026-05-17,13:23,20.2,,,
532,2026-05-17,13:53,19.1,,,
533,2026-05-17,14:23,18.5,,,
534,2026-05-17,14:53,18.7,,,
535,2026-05-17,15:23,18.7,,,
536,2026-05-17,15:53,17,,,
537,2026-05-17,16:23,15.4,,,
538,2026-05-17,16:53,14.5,,,
539,2026-05-17,17:23,13.9,,,
540,2026-05-17,17:53,13.7,,,
541,2026-05-17,18:23,13.3,,,
542,2026-05-17,18:53,12.9,,,
543,2026-05-17,19:23,12.4,,,
544,2026-05-17,19:53,11.4,,,
545,2026-05-17,20:23,11.3,,,
546,2026-05-17,20:53,11.1,,,
547,2026-05-17,21:23,10.8,,,
548,2026-05-17,21:53,10.6,,,
549,2026-05-17,22:23,10.2,,,
550,2026-05-17,22:53,10,,,
551,2026-05-17,23:23,9.8,,,
552,2026-05-17,23:53,9.5,,,
553,2026-05-18,0:23,9.3,,,
554,2026-05-18,0:53,9.3,,,
555,2026-05-18,1:23,9.2,,,
556,2026-05-18,1:53,9,,,
557,2026-05-18,2:23,8.7,,,
558,2026-05-18,2:53,8.3,,,
559,2026-05-18,3:23,7.9,,,
560,2026-05-18,3:53,7.7,,,
561,2026-05-18,4:23,7.5,,,
562,2026-05-18,4:53,7.3,,,
563,2026-05-18,5:23,7.1,,,
564,2026-05-18,5:53,7,,,
565,2026-05-18,6:23,7.2,,,
566,2026-05-18,6:53,7.7,,,
567,2026-05-18,7:23,8.5,,,
568,2026-05-18,7:53,9.2,,,
569,2026-05-18,8:23,9.6,,,
570,2026-05-18,8:53,10,,,
571,2026-05-18,9:23,11.4,,,
572,2026-05-18,9:53,11.9,,,
573,2026-05-18,10:23,13.5,,,
574,2026-05-18,10:53,16,,,
575,2026-05-18,11:23,16.9,,,
576,2026-05-18,11:53,19,,,
577,2026-05-18,12:23,19.7,,,
578,2026-05-18,12:53,20.1,,,
579,2026-05-18,13:23,19.8,,,
580,2026-05-18,13:53,18.8,,,
581,2026-05-18,14:23,19.2,,,
582,2026-05-18,14:53,18,,,
583,2026-05-18,15:23,17.2,,,
584,2026-05-18,15:53,17.7,,,
585,2026-05-18,16:23,17.1,,,
586,2026-05-18,16:53,16.5,,,
587,2026-05-18,17:23,15.8,,,
588,2026-05-18,17:53,15.1,,,
589,2026-05-18,18:23,14.4,,,
590,2026-05-18,18:53,13.9,,,
591,2026-05-18,19:23,13.6,,,
592,2026-05-18,19:53,13.4,,,
593,2026-05-18,20:23,13,,,
594,2026-05-18,20:53,12.3,,,
595,2026-05-18,21:23,11.8,,,
596,2026-05-18,21:53,11.4,,,
597,2026-05-18,22:23,11,,,
598,2026-05-18,22:53,10.6,,,
599,2026-05-18,23:23,10.2,,,
600,2026-05-18,23:53,10,,,
601,2026-05-19,0:23,9.6,,,
602,2026-05-19,0:53,9.4,,,
603,2026-05-19,1:23,9.1,,,
604,2026-05-19,1:53,9.1,,,
605,2026-05-19,2:23,9.1,,,
606,2026-05-19,2:53,9,,,
607,2026-05-19,3:23,8.8,,,
608,2026-05-19,3:53,8.6,,,
609,2026-05-19,4:23,8.4,,,
610,2026-05-19,4:53,8.2,,,
611,2026-05-19,5:23,7.9,,,
612,2026-05-19,5:53,7.8,,,
613,2026-05-19,6:23,8.2,,,
614,2026-05-19,6:53,8.6,,,
615,2026-05-19,7:23,9.2,,,
616,2026-05-19,7:53,9.6,,,
617,2026-05-19,8:23,9.8,,,
618,2026-05-19,8:53,10.2,,,
619,2026-05-19,9:23,11.3,,,
620,2026-05-19,9:53,11.9,,,
621,2026-05-19,10:23,14.5,,,
622,2026-05-19,10:53,17.1,,,
623,2026-05-19,11:23,18.7,,,
624,2026-05-19,11:53,20.1,,,
625,2026-05-19,12:23,20.2,,,
626,2026-05-19,12:53,21.3,,,
627,2026-05-19,13:23,21.6,,,
628,2026-05-19,13:53,21.3,,,
629,2026-05-19,14:23,21.2,,,
630,2026-05-19,14:53,20.4,,,
631,2026-05-19,15:23,19.9,,,
632,2026-05-19,15:53,19.7,,,
633,2026-05-19,16:23,18.8,,,
634,2026-05-19,16:53,18,,,
635,2026-05-19,17:23,17.3,,,
636,2026-05-19,17:53,16.7,,,
637,2026-05-19,18:23,16.2,,,
638,2026-05-19,18:53,15.6,,,
639,2026-05-19,19:23,15.1,,,
640,2026-05-19,19:53,14.6,,,
641,2026-05-19,20:23,14.1,,,
642,2026-05-19,20:53,13.5,,,
643,2026-05-19,21:23,13.1,,,
644,2026-05-19,21:53,12.6,,,
645,2026-05-19,22:23,12.2,,,
646,2026-05-19,22:53,11.7,,,
647,2026-05-19,23:23,11.4,,,
648,2026-05-19,23:53,11.2,,,
649,2026-05-20,0:23,11,,,
650,2026-05-20,0:53,10.9,,,
651,2026-05-20,1:23,10.7,,,
652,2026-05-20,1:53,10.6,,,
653,2026-05-20,2:23,10.5,,,
654,2026-05-20,2:53,10.3,,,
655,2026-05-20,3:23,10,,,
656,2026-05-20,3:53,9.7,,,
657,2026-05-20,4:23,9.6,,,
658,2026-05-20,4:53,9.3,,,
659,2026-05-20,5:23,9.1,,,
660,2026-05-20,5:53,9,,,
661,2026-05-20,6:23,9.1,,,
662,2026-05-20,6:53,9.3,,,
663,2026-05-20,7:23,10,,,
664,2026-05-20,7:53,10.7,,,
665,2026-05-20,8:23,11.1,,,
666,2026-05-20,8:53,11.6,,,
667,2026-05-20,9:23,12.6,,,
668,2026-05-20,9:53,13.3,,,
669,2026-05-20,10:23,15.3,,,
670,2026-05-20,10:53,18.3,,,
671,2026-05-20,11:23,20.6,,,
672,2026-05-20,11:53,21.2,,,
673,2026-05-20,12:23,21.9,,,
674,2026-05-20,12:53,22.4,,,
675,2026-05-20,13:23,23.1,,,
676,2026-05-20,13:53,23.3,,,
677,2026-05-20,14:23,23,,,
678,2026-05-20,14:53,22.7,,,
679,2026-05-20,15:23,22.2,,,
680,2026-05-20,15:53,21.2,,,
681,2026-05-20,16:23,20.2,,,
682,2026-05-20,16:53,19.2,,,
683,2026-05-20,17:23,18.4,,,
684,2026-05-20,17:53,17.8,,,
685,2026-05-20,18:23,17.3,,,
686,2026-05-20,18:53,16.9,,,
687,2026-05-20,19:23,16.4,,,
688,2026-05-20,19:53,15.8,,,
689,2026-05-20,20:23,15.3,,,
690,2026-05-20,20:53,14.7,,,
691,2026-05-20,21:23,14.2,,,
692,2026-05-20,21:53,13.7,,,
693,2026-05-20,22:23,13.4,,,
694,2026-05-20,22:53,13,,,
695,2026-05-20,23:23,12.6,,,
696,2026-05-20,23:53,12.2,,,
697,2026-05-21,0:23,12,,,
698,2026-05-21,0:53,11.7,,,
699,2026-05-21,1:23,11.4,,,
700,2026-05-21,1:53,11.2,,,
701,2026-05-21,2:23,11,,,
702,2026-05-21,2:53,10.8,,,
703,2026-05-21,3:23,10.6,,,
704,2026-05-21,3:53,10.5,,,
705,2026-05-21,4:23,10.3,,,
706,2026-05-21,4:53,10.1,,,
707,2026-05-21,5:23,10,,,
708,2026-05-21,5:53,10.1,,,
709,2026-05-21,6:23,10.3,,,
710,2026-05-21,6:53,10.6,,,
711,2026-05-21,7:23,11.3,,,
712,2026-05-21,7:53,11.7,,,
713,2026-05-21,8:23,11.8,,,
714,2026-05-21,8:53,12.1,,,
715,2026-05-21,9:23,13,,,
716,2026-05-21,9:53,13.4,,,
717,2026-05-21,10:23,16,,,
718,2026-05-21,10:53,18.6,,,
719,2026-05-21,11:23,20.5,,,
720,2026-05-21,11:53,21.5,,,
721,2026-05-21,12:23,22,,,
722,2026-05-21,12:53,22.6,,,
723,2026-05-21,13:23,23.3,,,
724,2026-05-21,13:53,23.2,,,
725,2026-05-21,14:23,22.2,,,
726,2026-05-21,14:53,22,,,
727,2026-05-21,15:23,21.6,,,
728,2026-05-21,15:53,20.7,,,
729,2026-05-21,16:23,19.9,,,
730,2026-05-21,16:53,18.9,,,
731,2026-05-21,17:23,18.2,,,
732,2026-05-21,17:53,17.6,,,
733,2026-05-21,18:23,17.1,,,
734,2026-05-21,18:53,16.7,,,
735,2026-05-21,19:23,16.4,,,
736,2026-05-21,19:53,16.1,,,
737,2026-05-21,20:23,15.8,,,
738,2026-05-21,20:53,15.2,,,
739,2026-05-21,21:23,14.6,,,
740,2026-05-21,21:53,14.1,,,
741,2026-05-21,22:23,13.8,,,
742,2026-05-21,22:53,13.4,,,
743,2026-05-21,23:23,13.1,,,
744,2026-05-21,23:53,12.8,,,
745,2026-05-22,0:23,12.6,,,
746,2026-05-22,0:53,12.3,,,
747,2026-05-22,1:23,12,,,
748,2026-05-22,1:53,11.8,,,
749,2026-05-22,2:23,11.8,,,
750,2026-05-22,2:53,11.8,,,
751,2026-05-22,3:23,11.8,,,
752,2026-05-22,3:53,11.8,,,
753,2026-05-22,4:23,11.9,,,
754,2026-05-22,4:53,11.8,,,
755,2026-05-22,5:23,11.6,,,
756,2026-05-22,5:53,11.3,,,
757,2026-05-22,6:23,11.2,,,
758,2026-05-22,6:53,11.6,,,
759,2026-05-22,7:23,12,,,
760,2026-05-22,7:53,12.7,,,
761,2026-05-22,8:23,13,,,
762,2026-05-22,8:53,13.3,,,
763,2026-05-22,9:23,14,,,
764,2026-05-22,9:53,14.7,,,
765,2026-05-22,10:23,17.2,,,
766,2026-05-22,10:53,19.7,,,
767,2026-05-22,11:23,21.5,,,
768,2026-05-22,11:53,22.1,,,
769,2026-05-22,12:23,23,,,
770,2026-05-22,12:53,24,,,
771,2026-05-22,13:23,23.8,,,
772,2026-05-22,13:53,22.9,,,
773,2026-05-22,14:23,23,,,
774,2026-05-22,14:53,21.5,,,
775,2026-05-22,15:23,21.5,,,
776,2026-05-22,15:53,21,,,
777,2026-05-22,16:23,20.6,,,
778,2026-05-22,16:53,19.7,,,
779,2026-05-22,17:23,19,,,
780,2026-05-22,17:53,18.5,,,
781,2026-05-22,18:23,18,,,
782,2026-05-22,18:53,17.6,,,
783,2026-05-22,19:23,17.2,,,
784,2026-05-22,19:53,16.8,,,
785,2026-05-22,20:23,16.3,,,
786,2026-05-22,20:53,15.6,,,
787,2026-05-22,21:23,15,,,
788,2026-05-22,21:53,14.5,,,
789,2026-05-22,22:23,14.1,,,
790,2026-05-22,22:53,13.8,,,
791,2026-05-22,23:23,13.6,,,
792,2026-05-22,23:53,13.4,,,
793,2026-05-23,0:23,13.3,,,
794,2026-05-23,0:53,13.1,,,
795,2026-05-23,1:23,13,,,
796,2026-05-23,1:53,12.8,,,
797,2026-05-23,2:23,12.5,,,
798,2026-05-23,2:53,12.3,,,
799,2026-05-23,3:23,12,,,
800,2026-05-23,3:53,11.7,,,
801,2026-05-23,4:23,11.5,,,
802,2026-05-23,4:53,11.3,,,
803,2026-05-23,5:23,11.2,,,
804,2026-05-23,5:53,11.2,,,
805,2026-05-23,6:23,11.5,,,
806,2026-05-23,6:53,12,,,
807,2026-05-23,7:23,12.6,,,
808,2026-05-23,7:53,13.1,,,
809,2026-05-23,8:23,13.3,,,
810,2026-05-23,8:53,13.7,,,
811,2026-05-23,9:23,14.5,,,
812,2026-05-23,9:53,15,,,
813,2026-05-23,10:23,17,,,
814,2026-05-23,10:53,18.7,,,
815,2026-05-23,11:23,20.3,,,
816,2026-05-23,11:53,20.5,,,
817,2026-05-23,12:23,21.3,,,
818,2026-05-23,12:53,22.6,,,
819,2026-05-23,13:23,23.1,,,
820,2026-05-23,13:53,23.6,,,
821,2026-05-23,14:23,23.6,,,
822,2026-05-23,14:53,23.3,,,
823,2026-05-23,15:23,23,,,
824,2026-05-23,15:53,22.6,,,
825,2026-05-23,16:23,21.8,,,
826,2026-05-23,16:53,20.8,,,
827,2026-05-23,17:23,20,,,
828,2026-05-23,17:53,19.6,,,
829,2026-05-23,18:23,19,,,
830,2026-05-23,18:53,18.7,,,
831,2026-05-23,19:23,18.3,,,
832,2026-05-23,19:53,17.8,,,
833,2026-05-23,20:23,17.3,,,
834,2026-05-23,20:53,16.7,,,
835,2026-05-23,21:23,16.1,,,
836,2026-05-23,21:53,15.6,,,
837,2026-05-23,22:23,15.3,,,
838,2026-05-23,22:53,14.9,,,
839,2026-05-23,23:23,14.7,,,
840,2026-05-23,23:53,14.5,,,
841,2026-05-24,0:23,14.4,,,
842,2026-05-24,0:53,14.2,,,
843,2026-05-24,1:23,14,,,
844,2026-05-24,1:53,13.7,,,
845,2026-05-24,2:23,13.4,,,
846,2026-05-24,2:53,13.2,,,
847,2026-05-24,3:23,13,,,
848,2026-05-24,3:53,12.8,,,
849,2026-05-24,4:23,12.6,,,
850,2026-05-24,4:53,12.3,,,
851,2026-05-24,5:23,12.2,,,
852,2026-05-24,5:53,12.2,,,
853,2026-05-24,6:23,12.3,,,
854,2026-05-24,6:53,12.6,,,
855,2026-05-24,7:23,13,,,
856,2026-05-24,7:53,13.3,,,
857,2026-05-24,8:23,13.8,,,
858,2026-05-24,8:53,14,,,
859,2026-05-24,9:23,14.3,,,
860,2026-05-24,9:53,14.9,,,
861,2026-05-24,10:23,17.6,,,
862,2026-05-24,10:53,19.9,,,
863,2026-05-24,11:23,20.7,,,
864,2026-05-24,11:53,21,,,
865,2026-05-24,12:23,22.3,,,
866,2026-05-24,12:53,22.6,,,
867,2026-05-24,13:23,23.2,,,
868,2026-05-24,13:53,24,,,
869,2026-05-24,14:23,24.4,,,
870,2026-05-24,14:53,24,,,
871,2026-05-24,15:23,23.5,,,
872,2026-05-24,15:53,23,,,
873,2026-05-24,16:23,22.1,,,
874,2026-05-24,16:53,21,,,
875,2026-05-24,17:23,20.3,,,
876,2026-05-24,17:53,19.7,,,
877,2026-05-24,18:23,19.2,,,
878,2026-05-24,18:53,18.9,,,
879,2026-05-24,19:23,18.6,,,
880,2026-05-24,19:53,18.2,,,
881,2026-05-24,20:23,17.6,,,
882,2026-05-24,20:53,16.8,,,
883,2026-05-24,21:23,16.1,,,
884,2026-05-24,21:53,15.5,,,
885,2026-05-24,22:23,15,,,
886,2026-05-24,22:53,14.6,,,
887,2026-05-24,23:23,14.2,,,
888,2026-05-24,23:53,13.9,,,
889,2026-05-25,0:23,13.6,,,
890,2026-05-25,0:53,13.3,,,
891,2026-05-25,1:23,13.2,,,
892,2026-05-25,1:53,13,,,
893,2026-05-25,2:23,12.8,,,
894,2026-05-25,2:53,12.7,,,
895,2026-05-25,3:23,12.6,,,
896,2026-05-25,3:53,12.4,,,
897,2026-05-25,4:23,12.3,,,
898,2026-05-25,4:53,12.2,,,
899,2026-05-25,5:23,12.1,,,
900,2026-05-25,5:53,12.2,,,
901,2026-05-25,6:23,12.3,,,
902,2026-05-25,6:53,12.6,,,
903,2026-05-25,7:23,13.3,,,
904,2026-05-25,7:53,13.6,,,
905,2026-05-25,8:23,13.9,,,
906,2026-05-25,8:53,14.3,,,
907,2026-05-25,9:23,14.8,,,
908,2026-05-25,9:53,15.5,,,
909,2026-05-25,10:23,17.6,,,
910,2026-05-25,10:53,20.2,,,
911,2026-05-25,11:23,21.6,,,
912,2026-05-25,11:53,22.6,,,
913,2026-05-25,12:23,22.9,,,
914,2026-05-25,12:53,23.7,,,
915,2026-05-25,13:23,23.8,,,
916,2026-05-25,13:53,23,,,
917,2026-05-25,14:23,22.7,,,
918,2026-05-25,14:53,22.7,,,
919,2026-05-25,15:23,22.6,,,
920,2026-05-25,15:53,22.1,,,
921,2026-05-25,16:23,21.7,,,
922,2026-05-25,16:53,21,,,
923,2026-05-25,17:23,20.3,,,
924,2026-05-25,17:53,19.9,,,
925,2026-05-25,18:23,19.5,,,
926,2026-05-25,18:53,18.8,,,
927,2026-05-25,19:23,18.4,,,
928,2026-05-25,19:53,17.8,,,
929,2026-05-25,20:23,17.5,,,
930,2026-05-25,20:53,17.1,,,
931,2026-05-25,21:23,16.7,,,
932,2026-05-25,21:53,16.3,,,
933,2026-05-25,22:23,15.9,,,
934,2026-05-25,22:53,15.6,,,
935,2026-05-25,23:23,15.3,,,
936,2026-05-25,23:53,15,,,
937,2026-05-26,0:23,14.8,,,
938,2026-05-26,0:53,14.5,,,
939,2026-05-26,1:23,14.3,,,
940,2026-05-26,1:53,14.1,,,
941,2026-05-26,2:23,13.8,,,
942,2026-05-26,2:53,13.6,,,
943,2026-05-26,3:23,13.4,,,
944,2026-05-26,3:53,13.2,,,
945,2026-05-26,4:23,13,,,
946,2026-05-26,4:53,12.8,,,
947,2026-05-26,5:23,12.7,,,
948,2026-05-26,5:53,12.6,,,
949,2026-05-26,6:23,12.5,,,
950,2026-05-26,6:53,12.6,,,
951,2026-05-26,7:23,12.7,,,
952,2026-05-26,7:53,12.8,,,
953,2026-05-26,8:23,13,,,
954,2026-05-26,8:53,13.4,,,
955,2026-05-26,9:23,13.8,,,
956,2026-05-26,9:53,14,,,
957,2026-05-26,10:23,13.9,,,
958,2026-05-26,10:53,14,,,
959,2026-05-26,11:23,14,,,
960,2026-05-26,11:53,14,,,
961,2026-05-26,12:23,14.2,,,
962,2026-05-26,12:53,14.6,,,
963,2026-05-26,13:23,15.1,,,
964,2026-05-26,13:53,14.8,,,
965,2026-05-26,14:23,14.9,,,
966,2026-05-26,14:53,15.1,,,
967,2026-05-26,15:23,15.1,,,
968,2026-05-26,15:53,14.9,,,
969,2026-05-26,16:23,14.7,,,
970,2026-05-26,16:53,14.7,,,
971,2026-05-26,17:23,14.6,,,
972,2026-05-26,17:53,14.6,,,
973,2026-05-26,18:23,14.4,,,
974,2026-05-26,18:53,14.3,,,
975,2026-05-26,19:23,14.1,,,
976,2026-05-26,19:53,14,,,
977,2026-05-26,20:23,13.8,,,
978,2026-05-26,20:53,13.6,,,
979,2026-05-26,21:23,13.4,,,
980,2026-05-26,21:53,13.3,,,
981,2026-05-26,22:23,13.3,,,
982,2026-05-26,22:53,13.2,,,
983,2026-05-26,23:23,13.2,,,
984,2026-05-26,23:53,13.1,,,
985,2026-05-27,0:23,13.1,,,
986,2026-05-27,0:53,13,,,
987,2026-05-27,1:23,13,,,
988,2026-05-27,1:53,13,,,
989,2026-05-27,2:23,13,,,
990,2026-05-27,2:53,13,,,
991,2026-05-27,3:23,13,,,
992,2026-05-27,3:53,12.9,,,
993,2026-05-27,4:23,12.8,,,
994,2026-05-27,4:53,12.7,,,
995,2026-05-27,5:23,12.6,,,
996,2026-05-27,5:53,12.5,,,
997,2026-05-27,6:23,12.5,,,
998,2026-05-27,6:53,12.5,,,
999,2026-05-27,7:23,12.5,,,
1000,2026-05-27,7:53,12.6,,,
1001,2026-05-27,8:23,13,,,
1002,2026-05-27,8:53,13.3,,,
1003,2026-05-27,9:23,14.2,,,
1004,2026-05-27,9:53,15.3,,,
1005,2026-05-27,10:23,16.8,,,
1006,2026-05-27,10:53,17,,,
1007,2026-05-27,11:23,17.2,,,
1008,2026-05-27,11:53,17.6,,,
1009,2026-05-27,12:23,19.3,,,
1010,2026-05-27,12:53,21.3,,,
1011,2026-05-27,13:23,22.8,,,
1012,2026-05-27,13:53,23.6,,,
1013,2026-05-27,14:23,23.6,,,
1014,2026-05-27,14:53,23.4,,,
1015,2026-05-27,15:23,23,,,
1016,2026-05-27,15:53,22.4,,,
1017,2026-05-27,16:23,21.5,,,
1018,2026-05-27,16:53,20.6,,,
1019,2026-05-27,17:23,19.9,,,
1020,2026-05-27,17:53,19.4,,,
1021,2026-05-27,18:23,19,,,
1022,2026-05-27,18:53,18.7,,,
1023,2026-05-27,19:23,18.4,,,
1024,2026-05-27,19:53,18,,,
1025,2026-05-27,20:23,17.6,,,
1026,2026-05-27,20:53,17.1,,,
1027,2026-05-27,21:23,16.6,,,
1028,2026-05-27,21:53,16.3,,,
1029,2026-05-27,22:23,16,,,
1030,2026-05-27,22:53,15.7,,,
1031,2026-05-27,23:23,15.4,,,
1032,2026-05-27,23:53,15.2,,,
1033,2026-05-28,0:23,15.1,,,
1034,2026-05-28,0:53,15,,,
1035,2026-05-28,1:23,14.8,,,
1036,2026-05-28,1:53,14.7,,,
1037,2026-05-28,2:23,14.6,,,
1038,2026-05-28,2:53,14.4,,,
1039,2026-05-28,3:23,14.2,,,
1040,2026-05-28,3:53,14,,,
1041,2026-05-28,4:23,13.8,,,
1042,2026-05-28,4:53,13.6,,,
1043,2026-05-28,5:23,13.4,,,
1044,2026-05-28,5:53,13.4,,,
1045,2026-05-28,6:23,13.7,,,
1046,2026-05-28,6:53,14.1,,,
1047,2026-05-28,7:23,14.9,,,
1048,2026-05-28,7:53,15.4,,,
1049,2026-05-28,8:23,15.9,,,
1050,2026-05-28,8:53,16.5,,,
1051,2026-05-28,9:23,17,,,
1052,2026-05-28,9:53,17.7,,,
1053,2026-05-28,10:23,20.2,,,
1054,2026-05-28,10:53,23,,,
1055,2026-05-28,11:23,25,,,
1056,2026-05-28,11:53,26,,,
1057,2026-05-28,12:23,26.7,,,
1058,2026-05-28,12:53,27.1,,,
1059,2026-05-28,13:23,27.5,,,
1060,2026-05-28,13:53,27.6,,,
1061,2026-05-28,14:23,27.4,,,
1062,2026-05-28,14:53,27.1,,,
1063,2026-05-28,15:23,26.5,,,
1064,2026-05-28,15:53,25.6,,,
1065,2026-05-28,16:23,24.6,,,
1066,2026-05-28,16:53,23.7,,,
1067,2026-05-28,17:23,23,,,
1068,2026-05-28,17:53,22.4,,,
1069,2026-05-28,18:23,22,,,
1070,2026-05-28,18:53,21.6,,,
1071,2026-05-28,19:23,21.3,,,
1072,2026-05-28,19:53,20.8,,,
1073,2026-05-28,20:23,20.3,,,
1074,2026-05-28,20:53,19.5,,,
1075,2026-05-28,21:23,18.6,,,
1076,2026-05-28,21:53,18,,,
1077,2026-05-28,22:23,17.6,,,
1078,2026-05-28,22:53,17.4,,,
1079,2026-05-28,23:23,17.3,,,
1080,2026-05-28,23:53,17.1,,,
1081,2026-05-29,0:23,16.8,,,
1082,2026-05-29,0:53,16.5,,,
1083,2026-05-29,1:23,16.2,,,
1084,2026-05-29,1:53,16,,,
1085,2026-05-29,2:23,15.7,,,
1086,2026-05-29,2:53,15.5,,,
1087,2026-05-29,3:23,15.3,,,
1088,2026-05-29,3:53,15.2,,,
1089,2026-05-29,4:23,15,,,
1090,2026-05-29,4:53,14.8,,,
1091,2026-05-29,5:23,14.6,,,
1092,2026-05-29,5:53,14.4,,,
1093,2026-05-29,6:23,14.5,,,
1094,2026-05-29,6:53,14.5,,,
1095,2026-05-29,7:23,14.7,,,
1096,2026-05-29,7:53,14.9,,,
1097,2026-05-29,8:23,15.1,,,
1098,2026-05-29,8:53,15.5,,,
1099,2026-05-29,9:23,16,,,
1100,2026-05-29,9:53,16.3,,,
1101,2026-05-29,10:23,18.2,,,
1102,2026-05-29,10:53,20.8,,,
1103,2026-05-29,11:23,22.2,,,
1104,2026-05-29,11:53,22.9,,,
1105,2026-05-29,12:23,23.4,,,
1106,2026-05-29,12:53,23.8,,,
1107,2026-05-29,13:23,24.4,,,
1108,2026-05-29,13:53,23.9,,,
1109,2026-05-29,14:23,23.8,,,
1110,2026-05-29,14:53,23.5,,,
1111,2026-05-29,15:23,23.4,,,
1112,2026-05-29,15:53,22.7,,,
1113,2026-05-29,16:23,21.8,,,
1114,2026-05-29,16:53,20.9,,,
1115,2026-05-29,17:23,20.4,,,
1116,2026-05-29,17:53,20,,,
1117,2026-05-29,18:23,19.7,,,
1118,2026-05-29,18:53,19.4,,,
1119,2026-05-29,19:23,18.9,,,
1120,2026-05-29,19:53,18.3,,,
1121,2026-05-29,20:23,17.8,,,
1122,2026-05-29,20:53,17.4,,,
1123,2026-05-29,21:23,17.1,,,
1124,2026-05-29,21:53,16.8,,,
1125,2026-05-29,22:23,16.5,,,
1126,2026-05-29,22:53,16.2,,,
1127,2026-05-29,23:23,15.9,,,
1128,2026-05-29,23:53,15.5,,,
1129,2026-05-30,0:23,15.2,,,
1130,2026-05-30,0:53,14.9,,,
1131,2026-05-30,1:23,14.6,,,
1132,2026-05-30,1:53,14.3,,,
1133,2026-05-30,2:23,14,,,
1134,2026-05-30,2:53,13.7,,,
1135,2026-05-30,3:23,13.4,,,
1136,2026-05-30,3:53,13.2,,,
1137,2026-05-30,4:23,12.9,,,
1138,2026-05-30,4:53,12.7,,,
1139,2026-05-30,5:23,12.5,,,
1140,2026-05-30,5:53,12.4,,,
1141,2026-05-30,6:23,12.3,,,
1142,2026-05-30,6:53,12.2,,,
1143,2026-05-30,7:23,12.2,,,
1144,2026-05-30,7:53,12.1,,,
1145,2026-05-30,8:23,12.2,,,
1146,2026-05-30,8:53,12.2,,,
1147,2026-05-30,9:23,12.5,,,
1148,2026-05-30,9:53,12.6,,,
1149,2026-05-30,10:23,14.6,,,
1150,2026-05-30,10:53,15,,,
1151,2026-05-30,11:23,15.5,,,
1152,2026-05-30,11:53,17.3,,,
1153,2026-05-30,12:23,18.9,,,
1154,2026-05-30,12:53,19.7,,,
1155,2026-05-30,13:23,19.7,,,
1156,2026-05-30,13:53,21,,,
1157,2026-05-30,14:23,21,,,
1158,2026-05-30,14:53,20.6,,,
1159,2026-05-30,15:23,19.9,,,
1160,2026-05-30,15:53,19.5,,,
1161,2026-05-30,16:23,19,,,
1162,2026-05-30,16:53,18.4,,,
1163,2026-05-30,17:23,18,,,
1164,2026-05-30,17:53,17.7,,,
1165,2026-05-30,18:23,17.3,,,
1166,2026-05-30,18:53,16.8,,,
1167,2026-05-30,19:23,16.4,,,
1168,2026-05-30,19:53,16,,,
1169,2026-05-30,20:23,15.5,,,
1170,2026-05-30,20:53,15,,,
1171,2026-05-30,21:23,14.5,,,
1172,2026-05-30,21:53,14.1,,,
1173,2026-05-30,22:23,13.8,,,
1174,2026-05-30,22:53,13.5,,,
1175,2026-05-30,23:23,13.2,,,
1176,2026-05-30,23:53,13,,,
1177,2026-05-31,0:23,12.8,,,
1178,2026-05-31,0:53,12.7,,,
1179,2026-05-31,1:23,12.5,,,
1180,2026-05-31,1:53,12.3,,,
1181,2026-05-31,2:23,12.1,,,
1182,2026-05-31,2:53,11.9,,,
1183,2026-05-31,3:23,11.8,,,
1184,2026-05-31,3:53,11.7,,,
1185,2026-05-31,4:23,11.5,,,
1186,2026-05-31,4:53,11.4,,,
1187,2026-05-31,5:23,11.4,,,
1188,2026-05-31,5:53,11.2,,,
1189,2026-05-31,6:23,11.2,,,
1190,2026-05-31,6:53,11.3,,,
1191,2026-05-31,7:23,11.5,,,
1192,2026-05-31,7:53,11.8,,,
1193,2026-05-31,8:23,12,,,
1194,2026-05-31,8:53,12.4,,,
1195,2026-05-31,9:23,12.9,,,
1196,2026-05-31,9:53,13.6,,,
1197,2026-05-31,10:23,15.2,,,
1198,2026-05-31,10:53,17,,,
1199,2026-05-31,11:23,18.1,,,
1200,2026-05-31,11:53,18.7,,,
1201,2026-05-31,12:23,20.1,,,
1202,2026-05-31,12:53,20.9,,,
1203,2026-05-31,13:23,20.9,,,
1204,2026-05-31,13:53,22.2,,,
1205,2026-05-31,14:23,22.2,,,
1206,2026-05-31,14:53,22.2,,,
1207,2026-05-31,15:23,21.8,,,
1208,2026-05-31,15:53,20.8,,,
1209,2026-05-31,16:23,20.1,,,
1210,2026-05-31,16:53,19.5,,,
1211,2026-05-31,17:23,19.1,,,
1212,2026-05-31,17:53,18.6,,,
1213,2026-05-31,18:23,18.1,,,
1214,2026-05-31,18:53,17.7,,,
1215,2026-05-31,19:23,17.3,,,
1216,2026-05-31,19:53,17,,,
1217,2026-05-31,20:23,16.5,,,
1218,2026-05-31,20:53,16,,,
1219,2026-05-31,21:23,15.5,,,
1220,2026-05-31,21:53,15,,,
1221,2026-05-31,22:23,14.7,,,
1222,2026-05-31,22:53,14.4,,,
1223,2026-05-31,23:23,14.1,,,
1224,2026-05-31,23:53,13.8,,,
1225,2026-06-01,0:23,13.6,,,
1226,2026-06-01,0:53,13.5,,,
1227,2026-06-01,1:23,13.3,,,
1228,2026-06-01,1:53,13.2,,,
1229,2026-06-01,2:23,13,,,
1230,2026-06-01,2:53,12.8,,,
1231,2026-06-01,3:23,12.6,,,
1232,2026-06-01,3:53,12.4,,,
1233,2026-06-01,4:23,12.3,,,
1234,2026-06-01,4:53,12.3,,,
1235,2026-06-01,5:23,12.3,,,
1236,2026-06-01,5:53,12.2,,,
1237,2026-06-01,6:23,12.2,,,
1238,2026-06-01,6:53,12.3,,,
1239,2026-06-01,7:23,12.6,,,
1240,2026-06-01,7:53,13,,,
1241,2026-06-01,8:23,13.3,,,
1242,2026-06-01,8:53,13.8,,,
1243,2026-06-01,9:23,14.1,,,
1244,2026-06-01,9:53,14.3,,,
1245,2026-06-01,10:23,14.7,,,
1246,2026-06-01,10:53,15.1,,,
1247,2026-06-01,11:23,15.5,,,
1248,2026-06-01,11:53,15.8,,,
1249,2026-06-01,12:23,16.1,,,
1250,2026-06-01,12:53,15.9,,,
1251,2026-06-01,13:23,15.8,,,
1252,2026-06-01,13:53,16,,,
1253,2026-06-01,14:23,16.5,,,
1254,2026-06-01,14:53,16.6,,,
1255,2026-06-01,15:23,16.4,,,
1256,2026-06-01,15:53,16.4,,,
1257,2026-06-01,16:23,16.4,,,
1258,2026-06-01,16:53,15.9,,,
1259,2026-06-01,17:23,15.7,,,
1260,2026-06-01,17:53,15.8,,,
1261,2026-06-01,18:23,15.6,,,
1262,2026-06-01,18:53,15.2,,,
1263,2026-06-01,19:23,15,,,
1264,2026-06-01,19:53,14.7,,,
1265,2026-06-01,20:23,14.6,,,
1266,2026-06-01,20:53,14.2,,,
1267,2026-06-01,21:23,13.8,,,
1268,2026-06-01,21:53,13.4,,,
1269,2026-06-01,22:23,13.2,,,
1270,2026-06-01,22:53,13,,,
1271,2026-06-01,23:23,12.8,,,
1272,2026-06-01,23:53,12.6,,,
1273,2026-06-02,0:23,12.4,,,
1274,2026-06-02,0:53,12.2,,,
1275,2026-06-02,1:23,12.1,,,
1276,2026-06-02,1:53,11.9,,,
1277,2026-06-02,2:23,11.8,,,
1278,2026-06-02,2:53,11.8,,,
1279,2026-06-02,3:23,11.7,,,
1280,2026-06-02,3:53,11.6,,,
1281,2026-06-02,4:23,11.5,,,
1282,2026-06-02,4:53,11.4,,,
1283,2026-06-02,5:23,11.4,,,
1284,2026-06-02,5:53,11.4,,,
1285,2026-06-02,6:23,11.7,,,
1286,2026-06-02,6:53,12.1,,,
1287,2026-06-02,7:23,12.6,,,
1288,2026-06-02,7:53,13,,,
1289,2026-06-02,8:23,13.3,,,
1290,2026-06-02,8:53,13.7,,,
1291,2026-06-02,9:23,14,,,
1292,2026-06-02,9:53,14.7,,,
1293,2026-06-02,10:23,16.8,,,
1294,2026-06-02,10:53,18.3,,,
1295,2026-06-02,11:23,20.2,,,
1296,2026-06-02,11:53,22.1,,,
1297,2026-06-02,12:23,23.9,,,
1298,2026-06-02,12:53,24.3,,,
1299,2026-06-02,13:23,22.8,,,
1300,2026-06-02,13:53,23.9,,,
1301,2026-06-02,14:23,24.2,,,
1302,2026-06-02,14:53,24.1,,,
1303,2026-06-02,15:23,23.1,,,
1304,2026-06-02,15:53,22.3,,,
1305,2026-06-02,16:23,21.2,,,
1306,2026-06-02,16:53,20.5,,,
1307,2026-06-02,17:23,20,,,
1308,2026-06-02,17:53,19.6,,,
1309,2026-06-02,18:23,19,,,
1310,2026-06-02,18:53,18.7,,,
1311,2026-06-02,19:23,18.3,,,
1312,2026-06-02,19:53,17.7,,,
1313,2026-06-02,20:23,17.1,,,
1314,2026-06-02,20:53,16.5,,,
1315,2026-06-02,21:23,16,,,
1316,2026-06-02,21:53,15.5,,,
1317,2026-06-02,22:23,15,,,
1318,2026-06-02,22:53,14.5,,,
1319,2026-06-02,23:23,14.2,,,
1320,2026-06-02,23:53,13.9,,,
1321,2026-06-03,0:23,13.6,,,
1322,2026-06-03,0:53,13.4,,,
1323,2026-06-03,1:23,13.3,,,
1324,2026-06-03,1:53,13.1,,,
1325,2026-06-03,2:23,12.9,,,
1326,2026-06-03,2:53,12.7,,,
1327,2026-06-03,3:23,12.7,,,
1328,2026-06-03,3:53,12.4,,,
1329,2026-06-03,4:23,12.2,,,
1330,2026-06-03,4:53,12,,,
1331,2026-06-03,5:23,11.8,,,
1332,2026-06-03,5:53,12,,,
1333,2026-06-03,6:23,12.5,,,
1334,2026-06-03,6:53,12.9,,,
1335,2026-06-03,7:23,13.6,,,
1336,2026-06-03,7:53,13.9,,,
1337,2026-06-03,8:23,14.1,,,
1338,2026-06-03,8:53,14.6,,,
1339,2026-06-03,9:23,15.4,,,
1340,2026-06-03,9:53,15.9,,,
1341,2026-06-03,10:23,16.7,,,
1342,2026-06-03,10:53,18.3,,,
1343,2026-06-03,11:23,18.3,,,
1344,2026-06-03,11:53,17.9,,,
1345,2026-06-03,12:23,17.8,,,
1346,2026-06-03,12:53,18.2,,,
1347,2026-06-03,13:23,18.6,,,
1348,2026-06-03,13:53,19.7,,,
1349,2026-06-03,14:23,19.9,,,
1350,2026-06-03,14:53,19.9,,,
1351,2026-06-03,15:23,19.5,,,
1352,2026-06-03,15:53,19.4,,,
1353,2026-06-03,16:23,19.1,,,
1354,2026-06-03,16:53,18.7,,,
1355,2026-06-03,17:23,18.4,,,
1356,2026-06-03,17:53,18.2,,,
1357,2026-06-03,18:23,17.9,,,
1358,2026-06-03,18:53,17.7,,,
1359,2026-06-03,19:23,17.4,,,
1360,2026-06-03,19:53,16.9,,,
1361,2026-06-03,20:23,16.6,,,
1362,2026-06-03,20:53,16.3,,,
1363,2026-06-03,21:23,16,,,
1364,2026-06-03,21:53,15.8,,,
1365,2026-06-03,22:23,15.6,,,
1366,2026-06-03,22:53,15.3,,,
1367,2026-06-03,23:23,15.2,,,
1368,2026-06-03,23:53,15.1,,,
1369,2026-06-04,0:23,14.9,,,
1370,2026-06-04,0:53,14.6,,,
1371,2026-06-04,1:23,14.3,,,
1372,2026-06-04,1:53,14.1,,,
1373,2026-06-04,2:23,14,,,
1374,2026-06-04,2:53,13.9,,,
1375,2026-06-04,3:23,13.7,,,
1376,2026-06-04,3:53,13.5,,,
1377,2026-06-04,4:23,13.2,,,
1378,2026-06-04,4:53,12.9,,,
1379,2026-06-04,5:23,12.7,,,
1380,2026-06-04,5:53,12.6,,,
1381,2026-06-04,6:23,12.7,,,
1382,2026-06-04,6:53,12.8,,,
1383,2026-06-04,7:23,13,,,
1384,2026-06-04,7:53,13.3,,,
1385,2026-06-04,8:23,13.6,,,
1386,2026-06-04,8:53,13.7,,,
1387,2026-06-04,9:23,13.9,,,
1388,2026-06-04,9:53,14.4,,,
1389,2026-06-04,10:23,17.5,,,
1390,2026-06-04,10:53,20.1,,,
1391,2026-06-04,11:23,21.7,,,
1392,2026-06-04,11:53,22.9,,,
1393,2026-06-04,12:23,22.7,,,
1394,2026-06-04,12:53,23,,,
1395,2026-06-04,13:23,23,,,
1396,2026-06-04,13:53,23.7,,,
1397,2026-06-04,14:23,23.7,,,
1398,2026-06-04,14:53,23.4,,,
1399,2026-06-04,15:23,23.1,,,
1400,2026-06-04,15:53,21.9,,,
1401,2026-06-04,16:23,20.9,,,
1402,2026-06-04,16:53,20.1,,,
1403,2026-06-04,17:23,19.6,,,
1404,2026-06-04,17:53,19,,,
1405,2026-06-04,18:23,18.4,,,
1406,2026-06-04,18:53,18,,,
1407,2026-06-04,19:23,17.5,,,
1408,2026-06-04,19:53,17.1,,,
1409,2026-06-04,20:23,16.7,,,
1410,2026-06-04,20:53,16.1,,,
1411,2026-06-04,21:23,15.4,,,
1412,2026-06-04,21:53,14.9,,,
1413,2026-06-04,22:23,14.5,,,
1414,2026-06-04,22:53,14.1,,,
1415,2026-06-04,23:23,13.9,,,
1416,2026-06-04,23:53,13.6,,,
1417,2026-06-05,0:23,13.4,,,
1418,2026-06-05,0:53,13.3,,,
1419,2026-06-05,1:23,13.2,,,
1420,2026-06-05,1:53,12.9,,,
1421,2026-06-05,2:23,12.6,,,
1422,2026-06-05,2:53,12.3,,,
1423,2026-06-05,3:23,12,,,
1424,2026-06-05,3:53,11.9,,,
1425,2026-06-05,4:23,11.7,,,
1426,2026-06-05,4:53,11.6,,,
1427,2026-06-05,5:23,11.6,,,
1428,2026-06-05,5:53,11.6,,,
1429,2026-06-05,6:23,11.7,,,
1430,2026-06-05,6:53,11.8,,,
1431,2026-06-05,7:23,12,,,
1432,2026-06-05,7:53,12.3,,,
1433,2026-06-05,8:23,12.7,,,
1434,2026-06-05,8:53,13.1,,,
1435,2026-06-05,9:23,13.8,,,
1436,2026-06-05,9:53,14.3,,,
1437,2026-06-05,10:23,15.1,,,
1438,2026-06-05,10:53,16,,,
1439,2026-06-05,11:23,18.2,,,
1440,2026-06-05,11:53,18.6,,,
1441,2026-06-05,12:23,19.2,,,
1442,2026-06-05,12:53,19.2,,,
1443,2026-06-05,13:23,20.9,,,
1444,2026-06-05,13:53,21.6,,,
1445,2026-06-05,14:23,22,,,
1446,2026-06-05,14:53,21.7,,,
1447,2026-06-05,15:23,20.8,,,
1448,2026-06-05,15:53,20.1,,,
1449,2026-06-05,16:23,19.4,,,
1450,2026-06-05,16:53,18.7,,,
1451,2026-06-05,17:23,18.1,,,
1452,2026-06-05,17:53,17.5,,,
1453,2026-06-05,18:23,17.1,,,
1454,2026-06-05,18:53,16.7,,,
1455,2026-06-05,19:23,16.2,,,
1456,2026-06-05,19:53,15.8,,,
1457,2026-06-05,20:23,15.4,,,
1458,2026-06-05,20:53,14.8,,,
1459,2026-06-05,21:23,14.3,,,
1460,2026-06-05,21:53,13.9,,,
1461,2026-06-05,22:23,13.6,,,
1462,2026-06-05,22:53,13.4,,,
1463,2026-06-05,23:23,13.2,,,
1464,2026-06-05,23:53,13,,,
1465,2026-06-06,0:23,12.9,,,
1466,2026-06-06,0:53,12.8,,,
1467,2026-06-06,1:23,12.6,,,
1468,2026-06-06,1:53,12.4,,,
1469,2026-06-06,2:23,12.2,,,
1470,2026-06-06,2:53,12.1,,,
1471,2026-06-06,3:23,11.9,,,
1472,2026-06-06,3:53,11.8,,,
1473,2026-06-06,4:23,11.7,,,
1474,2026-06-06,4:53,11.6,,,
1475,2026-06-06,5:23,11.5,,,
1476,2026-06-06,5:53,11.5,,,
1477,2026-06-06,6:23,11.4,,,
1478,2026-06-06,6:53,11.8,,,
1479,2026-06-06,7:23,12.2,,,
1480,2026-06-06,7:53,12.5,,,
1481,2026-06-06,8:23,12.4,,,
1482,2026-06-06,8:53,12.7,,,
1483,2026-06-06,9:23,12.9,,,
1484,2026-06-06,9:53,13.9,,,
1485,2026-06-06,10:23,17.4,,,
1486,2026-06-06,10:53,18.5,,,
1487,2026-06-06,11:23,19.2,,,
1488,2026-06-06,11:53,19.4,,,
1489,2026-06-06,12:23,19,,,
1490,2026-06-06,12:53,20.2,,,
1491,2026-06-06,13:23,21.3,,,
1492,2026-06-06,13:53,21.4,,,
1493,2026-06-06,14:23,20.9,,,
1494,2026-06-06,14:53,20.4,,,
1495,2026-06-06,15:23,19.9,,,
1496,2026-06-06,15:53,19.3,,,
1497,2026-06-06,16:23,18.7,,,
1498,2026-06-06,16:53,17.9,,,
1499,2026-06-06,17:23,17.2,,,
1500,2026-06-06,17:53,16.9,,,
1501,2026-06-06,18:23,16.4,,,
1502,2026-06-06,18:53,15.8,,,
1503,2026-06-06,19:23,15.4,,,
1504,2026-06-06,19:53,14.9,,,
1505,2026-06-06,20:23,14.5,,,
1506,2026-06-06,20:53,13.9,,,
1507,2026-06-06,21:23,13.3,,,
1508,2026-06-06,21:53,12.6,,,
1509,2026-06-06,22:23,12,,,
1510,2026-06-06,22:53,11.6,,,
1511,2026-06-06,23:23,11.2,,,
1512,2026-06-06,23:53,10.8,,,
1513,2026-06-07,0:23,10.5,,,
1514,2026-06-07,0:53,10.3,,,
1515,2026-06-07,1:23,10.1,,,
1516,2026-06-07,1:53,9.9,,,
1517,2026-06-07,2:23,9.6,,,
1518,2026-06-07,2:53,9.6,,,
1519,2026-06-07,3:23,9.6,,,
1520,2026-06-07,3:53,9.5,,,
1521,2026-06-07,4:23,9.3,,,
1522,2026-06-07,4:53,9.2,,,
1523,2026-06-07,5:23,9.1,,,
1524,2026-06-07,5:53,9.1,,,
1525,2026-06-07,6:23,9.3,,,
1526,2026-06-07,6:53,9.6,,,
1527,2026-06-07,7:23,9.9,,,
1528,2026-06-07,7:53,10.1,,,
1529,2026-06-07,8:23,10.5,,,
1530,2026-06-07,8:53,11,,,
1531,2026-06-07,9:23,11.3,,,
1532,2026-06-07,9:53,11.8,,,
1533,2026-06-07,10:23,14.2,,,
1534,2026-06-07,10:53,17.5,,,
1535,2026-06-07,11:23,18.4,,,
1536,2026-06-07,11:53,17.7,,,
1537,2026-06-07,12:23,19.5,,,
1538,2026-06-07,12:53,19.6,,,
1539,2026-06-07,13:23,18.5,,,
1540,2026-06-07,13:53,18.7,,,
1541,2026-06-07,14:23,19,,,
1542,2026-06-07,14:53,19.9,,,
1543,2026-06-07,15:23,20,,,
1544,2026-06-07,15:53,19,,,
1545,2026-06-07,16:23,18.2,,,
1546,2026-06-07,16:53,17.7,,,
1547,2026-06-07,17:23,17.1,,,
1548,2026-06-07,17:53,16.6,,,
1549,2026-06-07,18:23,16,,,
1550,2026-06-07,18:53,15.5,,,
1551,2026-06-07,19:23,15,,,
1552,2026-06-07,19:53,14.7,,,
1553,2026-06-07,20:23,14.3,,,
1554,2026-06-07,20:53,13.8,,,
1555,2026-06-07,21:23,13.2,,,
1556,2026-06-07,21:53,12.6,,,
1557,2026-06-07,22:23,12.2,,,
1558,2026-06-07,22:53,12,,,
1559,2026-06-07,23:23,11.7,,,
1560,2026-06-07,23:53,11.4,,,
1561,2026-06-08,0:23,11,,,
1562,2026-06-08,0:53,10.6,,,
1563,2026-06-08,1:23,10.3,,,
1564,2026-06-08,1:53,10,,,
1565,2026-06-08,2:23,9.8,,,
1566,2026-06-08,2:53,9.6,,,
1567,2026-06-08,3:23,9.3,,,
1568,2026-06-08,3:53,9.1,,,
1569,2026-06-08,4:23,8.8,,,
1570,2026-06-08,4:53,8.6,,,
1571,2026-06-08,5:23,8.5,,,
1572,2026-06-08,5:53,8.6,,,
1573,2026-06-08,6:23,9.1,,,
1574,2026-06-08,6:53,9.7,,,
1575,2026-06-08,7:23,10.5,,,
1576,2026-06-08,7:53,11.3,,,
1577,2026-06-08,8:23,11.6,,,
1578,2026-06-08,8:53,12,,,
1579,2026-06-08,9:23,12.6,,,
1580,2026-06-08,9:53,13.2,,,
1581,2026-06-08,10:23,15.6,,,
1582,2026-06-08,10:53,17.8,,,
1583,2026-06-08,11:23,18.8,,,
1584,2026-06-08,11:53,18.7,,,
1585,2026-06-08,12:23,19.9,,,
1586,2026-06-08,12:53,20.6,,,
1587,2026-06-08,13:23,20.5,,,
1588,2026-06-08,13:53,20.6,,,
1589,2026-06-08,14:23,19.8,,,
1590,2026-06-08,14:53,19.4,,,
1591,2026-06-08,15:23,19,,,
1592,2026-06-08,15:53,18.5,,,
1593,2026-06-08,16:23,18.1,,,
1594,2026-06-08,16:53,17.5,,,
1595,2026-06-08,17:23,17.2,,,
1596,2026-06-08,17:53,17,,,
1597,2026-06-08,18:23,16.7,,,
1598,2026-06-08,18:53,16.3,,,
1599,2026-06-08,19:23,16,,,
1600,2026-06-08,19:53,15.6,,,
1601,2026-06-08,20:23,15.3,,,
1602,2026-06-08,20:53,15,,,
1603,2026-06-08,21:23,14.7,,,
1604,2026-06-08,21:53,14.4,,,
1605,2026-06-08,22:23,14.2,,,
1606,2026-06-08,22:53,13.9,,,
1607,2026-06-08,23:23,13.7,,,
1608,2026-06-08,23:53,13.6,,,
1609,2026-06-09,0:23,13.4,,,
1610,2026-06-09,0:53,13.3,,,
1611,2026-06-09,1:23,13.1,,,
1612,2026-06-09,1:53,13,,,
1613,2026-06-09,2:23,12.9,,,
1614,2026-06-09,2:53,12.8,,,
1615,2026-06-09,3:23,12.6,,,
1616,2026-06-09,3:53,12.5,,,
1617,2026-06-09,4:23,12.3,,,
1618,2026-06-09,4:53,12.1,,,
1619,2026-06-09,5:23,12,,,
1620,2026-06-09,5:53,11.9,,,
1621,2026-06-09,6:23,12,,,
1622,2026-06-09,6:53,12.2,,,
1623,2026-06-09,7:23,12.1,,,
1624,2026-06-09,7:53,11.9,,,
1625,2026-06-09,8:23,11.9,,,
1626,2026-06-09,8:53,11.9,,,
1627,2026-06-09,9:23,12.1,,,
1628,2026-06-09,9:53,12.2,,,
1629,2026-06-09,10:23,12.3,,,
1630,2026-06-09,10:53,12.5,,,
1631,2026-06-09,11:23,12.7,,,
1632,2026-06-09,11:53,13,,,
1633,2026-06-09,12:23,14,,,
1634,2026-06-09,12:53,17.1,,,
1635,2026-06-09,13:23,17.3,,,
1636,2026-06-09,13:53,17.5,,,
1637,2026-06-09,14:23,18.4,,,
1638,2026-06-09,14:53,18.3,,,
1639,2026-06-09,15:23,18,,,
1640,2026-06-09,15:53,17.7,,,
1641,2026-06-09,16:23,17.3,,,
1642,2026-06-09,16:53,16.8,,,
1643,2026-06-09,17:23,16.2,,,
1644,2026-06-09,17:53,15.7,,,
1645,2026-06-09,18:23,15.1,,,
1646,2026-06-09,18:53,14.6,,,
1647,2026-06-09,19:23,14.4,,,
1648,2026-06-09,19:53,14,,,
1649,2026-06-09,20:23,13.5,,,
1650,2026-06-09,20:53,13.1,,,
1651,2026-06-09,21:23,12.6,,,
1652,2026-06-09,21:53,12.2,,,
1653,2026-06-09,22:23,11.9,,,
1654,2026-06-09,22:53,11.6,,,
1655,2026-06-09,23:23,11.4,,,
1656,2026-06-09,23:53,11.2,,,
1657,2026-06-10,0:23,11,,,
1658,2026-06-10,0:53,11,,,
1659,2026-06-10,1:23,10.9,,,
1660,2026-06-10,1:53,10.8,,,
1661,2026-06-10,2:23,10.6,,,
1662,2026-06-10,2:53,10.5,,,
1663,2026-06-10,3:23,10.4,,,
1664,2026-06-10,3:53,10.3,,,
1665,2026-06-10,4:23,10.1,,,
1666,2026-06-10,4:53,10,,,
1667,2026-06-10,5:23,9.9,,,
1668,2026-06-10,5:53,9.9,,,
1669,2026-06-10,6:23,9.8,,,
1670,2026-06-10,6:53,9.8,,,
1671,2026-06-10,7:23,10.1,,,
1672,2026-06-10,7:53,10.7,,,
1673,2026-06-10,8:23,10.9,,,
1674,2026-06-10,8:53,11.3,,,
1675,2026-06-10,9:23,11.7,,,
1676,2026-06-10,9:53,12.6,,,
1677,2026-06-10,10:23,15.8,,,
1678,2026-06-10,10:53,17.8,,,
1679,2026-06-10,11:23,16.9,,,
1680,2026-06-10,11:53,15.9,,,
1681,2026-06-10,12:23,17,,,
1682,2026-06-10,12:53,19.5,,,
1683,2026-06-10,13:23,20,,,
1684,2026-06-10,13:53,19.8,,,
1685,2026-06-10,14:23,18.4,,,
1686,2026-06-10,14:53,17.8,,,
1687,2026-06-10,15:23,18.1,,,
1688,2026-06-10,15:53,17.8,,,
1689,2026-06-10,16:23,17.5,,,
1690,2026-06-10,16:53,17.3,,,
1691,2026-06-10,17:23,17,,,
1692,2026-06-10,17:53,16.8,,,
1693,2026-06-10,18:23,16.5,,,
1694,2026-06-10,18:53,16.2,,,
1695,2026-06-10,19:23,15.9,,,
1696,2026-06-10,19:53,15.5,,,
1697,2026-06-10,20:23,15.1,,,
1698,2026-06-10,20:53,14.8,,,
1699,2026-06-10,21:23,14.4,,,
1700,2026-06-10,21:53,14.1,,,
1701,2026-06-10,22:23,13.5,,,
1702,2026-06-10,22:53,12.9,,,
1703,2026-06-10,23:23,12.3,,,
1704,2026-06-10,23:53,11.9,,,
1705,2026-06-11,0:23,11.6,,,
1706,2026-06-11,0:53,11.4,,,
1707,2026-06-11,1:23,11.3,,,
1708,2026-06-11,1:53,11,,,
1709,2026-06-11,2:23,10.8,,,
1710,2026-06-11,2:53,10.4,,,
1711,2026-06-11,3:23,10.3,,,
1712,2026-06-11,3:53,10,,,
1713,2026-06-11,4:23,9.6,,,
1714,2026-06-11,4:53,9.2,,,
1715,2026-06-11,5:23,9,,,
1716,2026-06-11,5:53,9,,,
1717,2026-06-11,6:23,9.3,,,
1718,2026-06-11,6:53,9.7,,,
1719,2026-06-11,7:23,10.2,,,
1720,2026-06-11,7:53,10.6,,,
1721,2026-06-11,8:23,10.8,,,
1722,2026-06-11,8:53,11.3,,,
1723,2026-06-11,9:23,11.6,,,
1724,2026-06-11,9:53,12.5,,,
1725,2026-06-11,10:23,16.2,,,
1726,2026-06-11,10:53,19,,,
1727,2026-06-11,11:23,20.4,,,
1728,2026-06-11,11:53,21.7,,,
1729,2026-06-11,12:23,22.9,,,
1730,2026-06-11,12:53,24.1,,,
1731,2026-06-11,13:23,25,,,
1732,2026-06-11,13:53,25.2,,,
1733,2026-06-11,14:23,25,,,
1734,2026-06-11,14:53,24.1,,,
1735,2026-06-11,15:23,23.4,,,
1736,2026-06-11,15:53,22.2,,,
1737,2026-06-11,16:23,20.8,,,
1738,2026-06-11,16:53,19.7,,,
1739,2026-06-11,17:23,19,,,
1740,2026-06-11,17:53,18.3,,,
1741,2026-06-11,18:23,17.8,,,
1742,2026-06-11,18:53,17.4,,,
1743,2026-06-11,19:23,16.9,,,
1744,2026-06-11,19:53,16.5,,,
1745,2026-06-11,20:23,16,,,
1746,2026-06-11,20:53,15.3,,,
1747,2026-06-11,21:23,14.6,,,
1748,2026-06-11,21:53,14.1,,,
1749,2026-06-11,22:23,13.7,,,
1750,2026-06-11,22:53,13.3,,,
1751,2026-06-11,23:23,12.9,,,
1752,2026-06-11,23:53,12.6,,,
1753,2026-06-12,0:23,12.2,,,
1754,2026-06-12,0:53,11.9,,,
1755,2026-06-12,1:23,11.8,,,
1756,2026-06-12,1:53,11.6,,,
1757,2026-06-12,2:23,11.6,,,
1758,2026-06-12,2:53,11.5,,,
1759,2026-06-12,3:23,11.3,,,
1760,2026-06-12,3:53,11.2,,,
1761,2026-06-12,4:23,10.8,,,
1762,2026-06-12,4:53,10.5,,,
1763,2026-06-12,5:23,10.2,,,
1764,2026-06-12,5:53,10.2,,,
1765,2026-06-12,6:23,10.5,,,
1766,2026-06-12,6:53,11,,,
1767,2026-06-12,7:23,11.6,,,
1768,2026-06-12,7:53,12,,,
1769,2026-06-12,8:23,12.3,,,
1770,2026-06-12,8:53,12.7,,,
1771,2026-06-12,9:23,13,,,
1772,2026-06-12,9:53,13.7,,,
1773,2026-06-12,10:23,16.7,,,
1774,2026-06-12,10:53,19.9,,,
1775,2026-06-12,11:23,22,,,
1776,2026-06-12,11:53,23.3,,,
1777,2026-06-12,12:23,24.5,,,
1778,2026-06-12,12:53,24.5,,,
1779,2026-06-12,13:23,25.1,,,
1780,2026-06-12,13:53,22.7,,,
1781,2026-06-12,14:23,21.8,,,
1782,2026-06-12,14:53,21.1,,,
1783,2026-06-12,15:23,21,,,
1784,2026-06-12,15:53,20.7,,,
1785,2026-06-12,16:23,19.8,,,
1786,2026-06-12,16:53,19.1,,,
1787,2026-06-12,17:23,18.5,,,
1788,2026-06-12,17:53,17.9,,,
1789,2026-06-12,18:23,17.4,,,
1790,2026-06-12,18:53,16.9,,,
1791,2026-06-12,19:23,16.6,,,
1792,2026-06-12,19:53,16.2,,,
1793,2026-06-12,20:23,15.8,,,
1794,2026-06-12,20:53,15.4,,,
1795,2026-06-12,21:23,14.9,,,
1796,2026-06-12,21:53,14.5,,,
1797,2026-06-12,22:23,14,,,
1798,2026-06-12,22:53,13.5,,,
1799,2026-06-12,23:23,13.1,,,
1800,2026-06-12,23:53,12.7,,,
1801,2026-06-13,0:23,12.4,,,
1802,2026-06-13,0:53,12.1,,,
1803,2026-06-13,1:23,11.8,,,
1804,2026-06-13,1:53,11.7,,,
1805,2026-06-13,2:23,11.4,,,
1806,2026-06-13,2:53,11.2,,,
1807,2026-06-13,3:23,11,,,
1808,2026-06-13,3:53,11.1,,,
1809,2026-06-13,4:23,11,,,
1810,2026-06-13,4:53,10.9,,,
1811,2026-06-13,5:23,10.9,,,
1812,2026-06-13,5:53,11.1,,,
1813,2026-06-13,6:23,11.5,,,
1814,2026-06-13,6:53,12,,,
1815,2026-06-13,7:23,12.6,,,
1816,2026-06-13,7:53,13,,,
1817,2026-06-13,8:23,13.2,,,
1818,2026-06-13,8:53,13.5,,,
1819,2026-06-13,9:23,13.7,,,
1820,2026-06-13,9:53,14.1,,,
1821,2026-06-13,10:23,16.6,,,
1822,2026-06-13,10:53,19.7,,,
1823,2026-06-13,11:23,21.8,,,
1824,2026-06-13,11:53,23.4,,,
1825,2026-06-13,12:23,24.6,,,
1826,2026-06-13,12:53,25.9,,,
1827,2026-06-13,13:23,26.9,,,
1828,2026-06-13,13:53,26.9,,,
1829,2026-06-13,14:23,26.7,,,
1830,2026-06-13,14:53,26.3,,,
1831,2026-06-13,15:23,25.5,,,
1832,2026-06-13,15:53,23.9,,,
1833,2026-06-13,16:23,22.3,,,
1834,2026-06-13,16:53,21.1,,,
1835,2026-06-13,17:23,20.5,,,
1836,2026-06-13,17:53,19.8,,,
1837,2026-06-13,18:23,19.1,,,
1838,2026-06-13,18:53,18.6,,,
1839,2026-06-13,19:23,18.2,,,
1840,2026-06-13,19:53,17.8,,,
1841,2026-06-13,20:23,17.4,,,
1842,2026-06-13,20:53,16.8,,,
1843,2026-06-13,21:23,16.3,,,
1844,2026-06-13,21:53,15.8,,,
1845,2026-06-13,22:23,15.4,,,
1846,2026-06-13,22:53,15.1,,,
1847,2026-06-13,23:23,14.8,,,
1848,2026-06-13,23:53,14.5,,,
1849,2026-06-14,0:23,14.2,,,
1850,2026-06-14,0:53,14.1,,,
1851,2026-06-14,1:23,13.8,,,
1852,2026-06-14,1:53,13.5,,,
1853,2026-06-14,2:23,13.2,,,
1854,2026-06-14,2:53,13.2,,,
1855,2026-06-14,3:23,13.2,,,
1856,2026-06-14,3:53,13.1,,,
1857,2026-06-14,4:23,13,,,
1858,2026-06-14,4:53,12.5,,,
1859,2026-06-14,5:23,12.4,,,
1860,2026-06-14,5:53,12.4,,,
1861,2026-06-14,6:23,12.7,,,
1862,2026-06-14,6:53,13.2,,,
1863,2026-06-14,7:23,13.7,,,
1864,2026-06-14,7:53,14.1,,,
1865,2026-06-14,8:23,14.5,,,
1866,2026-06-14,8:53,14.9,,,
1867,2026-06-14,9:23,15.2,,,
1868,2026-06-14,9:53,15.6,,,
1869,2026-06-14,10:23,18,,,
1870,2026-06-14,10:53,21,,,
1871,2026-06-14,11:23,23.2,,,
1872,2026-06-14,11:53,25,,,
1873,2026-06-14,12:23,26.2,,,
1874,2026-06-14,12:53,27.3,,,
1875,2026-06-14,13:23,28.1,,,
1876,2026-06-14,13:53,28.4,,,
1877,2026-06-14,14:23,28.4,,,
1878,2026-06-14,14:53,27.8,,,
1879,2026-06-14,15:23,26.9,,,
1880,2026-06-14,15:53,25.4,,,
1881,2026-06-14,16:23,24,,,
1882,2026-06-14,16:53,22.9,,,
1883,2026-06-14,17:23,22.1,,,
1884,2026-06-14,17:53,21.4,,,
1885,2026-06-14,18:23,20.8,,,
1886,2026-06-14,18:53,20.3,,,
1887,2026-06-14,19:23,19.9,,,
1888,2026-06-14,19:53,19.5,,,
1889,2026-06-14,20:23,19,,,
1890,2026-06-14,20:53,18.3,,,
1891,2026-06-14,21:23,17.6,,,
1892,2026-06-14,21:53,17.1,,,
1893,2026-06-14,22:23,16.6,,,
1894,2026-06-14,22:53,16.3,,,
1895,2026-06-14,23:23,16.1,,,
1896,2026-06-14,23:53,15.9,,,
1897,2026-06-15,0:23,15.6,,,
1898,2026-06-15,0:53,15.3,,,
1899,2026-06-15,1:23,15.1,,,
1900,2026-06-15,1:53,14.8,,,
1901,2026-06-15,2:23,14.6,,,
1902,2026-06-15,2:53,14.4,,,
1903,2026-06-15,3:23,14.2,,,
1904,2026-06-15,3:53,14.1,,,
1905,2026-06-15,4:23,14,,,
1906,2026-06-15,4:53,13.8,,,
1907,2026-06-15,5:23,13.5,,,
1908,2026-06-15,5:53,13.5,,,
1909,2026-06-15,6:23,13.7,,,
1910,2026-06-15,6:53,14.2,,,
1911,2026-06-15,7:23,14.9,,,
1912,2026-06-15,7:53,15.4,,,
1913,2026-06-15,8:23,15.6,,,
1914,2026-06-15,8:53,16.1,,,
1915,2026-06-15,9:23,16.4,,,
1916,2026-06-15,9:53,16.9,,,
1917,2026-06-15,10:23,19,,,
1918,2026-06-15,10:53,21.7,,,
1919,2026-06-15,11:23,24.6,,,
1920,2026-06-15,11:53,26.1,,,
1921,2026-06-15,12:23,27.2,,,
1922,2026-06-15,12:53,27.9,,,
1923,2026-06-15,13:23,28,,,
1924,2026-06-15,13:53,27.6,,,
1925,2026-06-15,14:23,27.1,,,
1926,2026-06-15,14:53,27.1,,,
1927,2026-06-15,15:23,26.7,,,
1928,2026-06-15,15:53,25.8,,,
1929,2026-06-15,16:23,24.9,,,
1930,2026-06-15,16:53,24.5,,,
1931,2026-06-15,17:23,23.9,,,
1932,2026-06-15,17:53,23.4,,,
1933,2026-06-15,18:23,22.9,,,
1934,2026-06-15,18:53,22.4,,,
1935,2026-06-15,19:23,21.8,,,
1936,2026-06-15,19:53,21.3,,,
1937,2026-06-15,20:23,20.7,,,
1938,2026-06-15,20:53,20.2,,,
1939,2026-06-15,21:23,19.7,,,
1940,2026-06-15,21:53,19.1,,,
1941,2026-06-15,22:23,18.6,,,
1942,2026-06-15,22:53,18.4,,,
1943,2026-06-15,23:23,18.1,,,
1944,2026-06-15,23:53,17.8,,,
1945,2026-06-16,0:23,17.6,,,
1946,2026-06-16,0:53,17.5,,,
1947,2026-06-16,1:23,17.2,,,
1948,2026-06-16,1:53,16.9,,,
1949,2026-06-16,2:23,16.6,,,
1950,2026-06-16,2:53,16.4,,,
1951,2026-06-16,3:23,16.2,,,
1952,2026-06-16,3:53,16.1,,,
1953,2026-06-16,4:23,16.1,,,
1954,2026-06-16,4:53,16.1,,,
1955,2026-06-16,5:23,16,,,
1956,2026-06-16,5:53,15.9,,,
1957,2026-06-16,6:23,16.2,,,
1958,2026-06-16,6:53,16.7,,,
1959,2026-06-16,7:23,17.1,,,
1960,2026-06-16,7:53,17.5,,,
1961,2026-06-16,8:23,17.8,,,
1962,2026-06-16,8:53,18.3,,,
1963,2026-06-16,9:23,18.7,,,
1964,2026-06-16,9:53,20.3,,,
1965,2026-06-16,10:23,23.8,,,
1966,2026-06-16,10:53,26.1,,,
1967,2026-06-16,11:23,26.4,,,
1968,2026-06-16,11:53,27.8,,,
1969,2026-06-16,12:23,29.2,,,
1970,2026-06-16,12:53,30.6,,,
1971,2026-06-16,13:23,31.4,,,
1972,2026-06-16,13:53,31.7,,,
1973,2026-06-16,14:23,31.1,,,
1974,2026-06-16,14:53,30.4,,,
1975,2026-06-16,15:23,29.6,,,
1976,2026-06-16,15:53,27.9,,,
1977,2026-06-16,16:23,26.3,,,
1978,2026-06-16,16:53,25.1,,,
1979,2026-06-16,17:23,24.2,,,
1980,2026-06-16,17:53,23.4,,,
1981,2026-06-16,18:23,22.7,,,
1982,2026-06-16,18:53,22,,,
1983,2026-06-16,19:23,21.5,,,
1984,2026-06-16,19:53,21,,,
1985,2026-06-16,20:23,20.5,,,
1986,2026-06-16,20:53,20,,,
1987,2026-06-16,21:23,19.3,,,
1988,2026-06-16,21:53,18.7,,,
1989,2026-06-16,22:23,18.2,,,
1990,2026-06-16,22:53,17.8,,,
1991,2026-06-16,23:23,17.2,,,
1992,2026-06-16,23:53,17,,,
1993,2026-06-17,0:23,17,,,
1994,2026-06-17,0:53,16.8,,,
1995,2026-06-17,1:23,16.5,,,
1996,2026-06-17,1:53,16.1,,,
1997,2026-06-17,2:23,15.6,,,
1998,2026-06-17,2:53,15.4,,,
1999,2026-06-17,3:23,15.1,,,
2000,2026-06-17,3:53,14.8,,,
2001,2026-06-17,4:23,14.5,,,
2002,2026-06-17,4:53,14.3,,,
2003,2026-06-17,5:23,14.1,,,
2004,2026-06-17,5:53,14.2,,,
2005,2026-06-17,6:23,14.6,,,
2006,2026-06-17,6:53,15.1,,,
2007,2026-06-17,7:23,15.7,,,
2008,2026-06-17,7:53,16.2,,,
2009,2026-06-17,8:23,16.7,,,
2010,2026-06-17,8:53,17.5,,,
2011,2026-06-17,9:23,17.9,,,
2012,2026-06-17,9:53,18.6,,,
2013,2026-06-17,10:23,20.6,,,
2014,2026-06-17,10:53,23.7,,,
2015,2026-06-17,11:23,25.6,,,
2016,2026-06-17,11:53,26.8,,,
2017,2026-06-17,12:23,27.9,,,
2018,2026-06-17,12:53,27.4,,,
2019,2026-06-17,13:23,27.4,,,
2020,2026-06-17,13:53,26.9,,,
2021,2026-06-17,14:23,28.2,,,
2022,2026-06-17,14:53,27.8,,,
2023,2026-06-17,15:23,26.4,,,
2024,2026-06-17,15:53,25.6,,,
2025,2026-06-17,16:23,24.7,,,
2026,2026-06-17,16:53,23.9,,,
2027,2026-06-17,17:23,23.3,,,
2028,2026-06-17,17:53,22.6,,,
2029,2026-06-17,18:23,21.9,,,
2030,2026-06-17,18:53,21.4,,,
2031,2026-06-17,19:23,21,,,
2032,2026-06-17,19:53,20.6,,,
2033,2026-06-17,20:23,20,,,
2034,2026-06-17,20:53,19.4,,,
2035,2026-06-17,21:23,18.7,,,
2036,2026-06-17,21:53,18.1,,,
2037,2026-06-17,22:23,17.5,,,
2038,2026-06-17,22:53,17.2,,,
2039,2026-06-17,23:23,16.8,,,
2040,2026-06-17,23:53,16.5,,,
2041,2026-06-18,0:23,16.3,,,
2042,2026-06-18,0:53,16.2,,,
2043,2026-06-18,1:23,16.2,,,
2044,2026-06-18,1:53,16.1,,,
2045,2026-06-18,2:23,15.9,,,
2046,2026-06-18,2:53,15.7,,,
2047,2026-06-18,3:23,15.5,,,
2048,2026-06-18,3:53,15.2,,,
2049,2026-06-18,4:23,15,,,
2050,2026-06-18,4:53,14.7,,,
2051,2026-06-18,5:23,14.3,,,
2052,2026-06-18,5:53,14.3,,,
2053,2026-06-18,6:23,14.7,,,
2054,2026-06-18,6:53,15.2,,,
2055,2026-06-18,7:23,15.7,,,
2056,2026-06-18,7:53,16.3,,,
2057,2026-06-18,8:23,16.5,,,
2058,2026-06-18,8:53,16.9,,,
2059,2026-06-18,9:23,17.1,,,
2060,2026-06-18,9:53,17.6,,,
2061,2026-06-18,10:23,20.6,,,
2062,2026-06-18,10:53,23.8,,,
2063,2026-06-18,11:23,28,,,
2064,2026-06-18,11:53,27.3,,,
2065,2026-06-18,12:23,26.7,,,
